Mes;Clasificación;Stock_Actual;Proy_Mensual
oct-25;BAYER;51.4;2.038495143
oct-25;BIMBO;20.1;12.37667598
oct-25;Bond;1.2;20.047127
oct-25;C10-25H;0.8;2.183449413
oct-25;C10-30H;0.0;0.0
oct-25;C12-23.5;0.0;0.0
oct-25;C12-25;151.6;22.77470369
oct-25;C12-25H;5.8;0.698927099
oct-25;C12-27;3.4;0.0
oct-25;C12-29;14.3;0.0
oct-25;C12-30;0.0;0.0
oct-25;C12-30H;0.0;0.0
oct-25;C12-31;1.9;0.0
oct-25;C12-35.3;0.4;0.0
oct-25;C13.6-25;133.0;0.0
oct-25;C13.6-30;36.3;0.0
oct-25;C14-22;48.8;0.0
oct-25;C14-24;0.0;0.0
oct-25;C14-25;74.3;12.31518904
oct-25;C14-25.5;11.8;0.0
oct-25;C14-25H;0.2;0.0
oct-25;C14-26;0.0;0.0
oct-25;C14-29;54.1;0.93551261
oct-25;C14-30;0.0;0.0
oct-25;C14-30H;0.0;0.0
oct-25;C14-37;0.0;0.0
oct-25;C16.3-25;136.5;0.0
oct-25;C16.3-27;52.4;0.0
oct-25;C16.3-28.5;22.7;0.0
oct-25;C16.3-29;15.6;0.0
oct-25;C16.3-35.5;10.0;0.0
oct-25;C16-22;1.5;0.0
oct-25;C16-25;111.7;28.81281282
oct-25;C16-25H;0.0;6.784174042
oct-25;C16-27;14.6;0.0
oct-25;C16-29;62.5;5.508301624
oct-25;C16-30;0.0;0.0
oct-25;C16-35.5;0.4;0.0
oct-25;C16-36;0.0;0.0
oct-25;C16-39;0.6;0.0
oct-25;C18-25;72.3;62.26356768
oct-25;C18-25H;0.1;0.0
oct-25;C18-29;54.6;16.08804731
oct-25;C18-30;0.0;0.0
oct-25;C18-34;0.0;0.0
oct-25;C19-24;0.0;0.0
oct-25;C19-25;69.8;2.826271186
oct-25;C19-29;4.8;11.4154343
oct-25;C19-34;0.2;0.0
oct-25;C19-35;0.0;0.0
oct-25;C20-25;27.3;12.37508521
oct-25;C20-29;10.8;0.0
oct-25;C20-30;0.3;0.0
oct-25;C21;0.1;0.0
oct-25;C22-25;3.5;0.0
oct-25;C22-30;0.0;0.0
oct-25;C22-34;0.0;0.0
oct-25;C8-25H;0.1;3.445286853
oct-25;CMPC GC1;1.6;0.0
oct-25;CMPC RC;51.1;5.895227526
oct-25;COLGATE;382.3;0.0
oct-25;Couche;3.8;8.508244913
oct-25;FOSFORERA;131.1;29.92289621
oct-25;GILDAN;21.6;0.0
oct-25;HONDURAS FOS;48.8;17.47270607
oct-25;Kraft;0.0;42.03199548
oct-25;OLMECA;98.8;33.03934935
oct-25;Papesp;0.1;0.0
oct-25;POLICOTE;100.1;26.03921182
oct-25;Spark;0.0;0.0
oct-25;Varios;0.2;0.0
oct-25;YA ESTA;23.3;14.50563876
nov-25;BAYER;40.99826297;7.203286022
nov-25;BIMBO;4.649310463;12.37667598
nov-25;Bond;0.795812852;3.703703395
nov-25;C10-25H;0.651134715;0.0
nov-25;C10-30H;0.0;0.0
nov-25;C12-23.5;0.009275291;0.0
nov-25;C12-25;141.4679748;21.12813983
nov-25;C12-25H;3.719906073;0.966789405
nov-25;C12-27;3.44829685;0.0
nov-25;C12-29;14.3428736;0.0
nov-25;C12-30;0.0;0.0
nov-25;C12-30H;0.0;0.0
nov-25;C12-31;1.90143162;0.0
nov-25;C12-35.3;0.4149936;0.0
nov-25;C13.6-25;125.8331812;1.954861839
nov-25;C13.6-30;36.34912593;0.0
nov-25;C14-22;48.842096;0.0
nov-25;C14-24;0.0;0.0
nov-25;C14-25;60.03963703;7.852322888
nov-25;C14-25.5;11.76383488;0.0
nov-25;C14-25H;0.059745563;0.0
nov-25;C14-26;0.0;0.0
nov-25;C14-29;53.75244438;1.043094688
nov-25;C14-30;0.0;0.0
nov-25;C14-30H;0.02322576;0.0
nov-25;C14-37;0.0;0.0
nov-25;C16.3-25;130.4864516;0.0
nov-25;C16.3-27;52.35430614;0.0
nov-25;C16.3-28.5;22.74111943;0.0
nov-25;C16.3-29;24.52433328;0.0
nov-25;C16.3-35.5;8.94711921;0.0
nov-25;C16-22;1.52364132;0.0
nov-25;C16-25;99.32178605;26.35352713
nov-25;C16-25H;1.068066825;0.134044531
nov-25;C16-27;14.5884787;0.0
nov-25;C16-29;51.36698241;0.885765375
nov-25;C16-30;0.0;0.0
nov-25;C16-35.5;0.4347189;0.0
nov-25;C16-36;0.0;0.0
nov-25;C16-39;0.592758648;0.0
nov-25;C18-25;104.1767697;14.50552325
nov-25;C18-25H;0.0;0.0
nov-25;C18-29;43.15488437;6.411610567
nov-25;C18-30;0.0;0.0
nov-25;C18-34;0.0;0.0
nov-25;C19-24;0.0;0.0
nov-25;C19-25;70.8926545;3.401295166
nov-25;C19-29;0.25119312;0.0
nov-25;C19-34;0.21167664;0.0
nov-25;C19-35;0.0;0.0
nov-25;C20-25;27.01506733;2.327491091
nov-25;C20-29;10.3492272;0.0
nov-25;C20-30;0.343741248;0.0
nov-25;C21;0.0624078;0.0
nov-25;C22-25;2.306500404;0.0
nov-25;C22-30;0.0;0.0
nov-25;C22-34;0.0;0.0
nov-25;C8-25H;0.053041804;0.0
nov-25;CMPC GC1;1.64574855;0.0
nov-25;CMPC RC;48.93896275;3.32088102
nov-25;COLGATE;6.988426921;0.0
nov-25;COLGATE-100;5.904084966;5.784182138
nov-25;COLGATE-125;28.59322051;3.208988383
nov-25;COLGATE-150;90.75328009;8.606369011
nov-25;COLGATE-22;4.674761948;2.818989254
nov-25;COLGATE-50;45.18516766;5.609099965
nov-25;COLGATE-75;160.8261145;22.96228753
nov-25;Couche;3.739913059;6.296845579
nov-25;FOSFORERA;137.4098447;29.92289621
nov-25;GILDAN;20.48838244;0.0
nov-25;HONDURAS FOS;48.84580916;15.50753798
nov-25;Kraft;0.0;29.65621788
nov-25;OLMECA;148.7602991;33.03934935
nov-25;Papesp;0.122555;15.6257625
nov-25;POLICOTE;86.1636978;11.66015559
nov-25;Spark;0.022838664;0.0
nov-25;Varios;0.203053948;0.0
nov-25;YA ESTA;53.32038712;14.50563876
nov-25;C12-25.75;22.73837528;0.0
dic-25;BAYER-23;42.35;0.0
dic-25;BAYER-25;9.55;0.0
dic-25;BAYER-29;4.9;0.0
dic-25;Bond;3.67;2.156983385
dic-25;C10-25H;0.59;4.52039355
dic-25;C12-23.5;0.01;0.0
dic-25;C12-25;126.62;13.63134881
dic-25;C12-25.75;18.92;0.0
dic-25;C12-25H;3.82;3.956147028
dic-25;C12-29;0.09;0.0
dic-25;C12-31;1.9;0.0
dic-25;C12-35.3;0.41;0.0
dic-25;C13.6-25;124.49;0.0
dic-25;C13.6-30;36.35;0.0
dic-25;C14-22;48.84;0.0
dic-25;C14-25;38.54;9.375579244
dic-25;C14-25.5;11.76;0.0
dic-25;C14-25H;0.11;0.0
dic-25;C14-29;53.78;0.0
dic-25;C14-30H;0.12;0.0
dic-25;C16.3-25;120.7;0.0
dic-25;C16.3-27;48.88;0.0
dic-25;C16.3-28.5;22.74;0.0
dic-25;C16.3-29;22.95;0.0
dic-25;C16.3-35.5;8.95;0.0
dic-25;C16-22;0.85;0.0
dic-25;C16-25;83.37;1.495223178
dic-25;C16-25H;0.17;3.978755492
dic-25;C16-27;14.59;0.0
dic-25;C16-29;51.86;1.433361209
dic-25;C16-30H;0.11;0.0
dic-25;C16-35.5;0.56;0.0
dic-25;C16-39;0.59;0.0
dic-25;C18-23;51.94;0.0
dic-25;C18-25;44.5;14.4229089
dic-25;C18-25-COSC;36.62;0.0
dic-25;C18-29;2.46;4.537260022
dic-25;C18-29-COSC;32.38;0.0
dic-25;C19-24;17.32;0.0
dic-25;C19-25;45.88;1.350666203
dic-25;C19-29;0.25;0.0
dic-25;C19-34;0.21;0.0
dic-25;C20-25;18.94;0.331581443
dic-25;C20-29;9.99;0.0
dic-25;C20-30;0.34;0.0
dic-25;C21;0.06;0.0
dic-25;C22-25;2.33;4.3237404
dic-25;C24-23;0.55;0.0
dic-25;C8-25H;0.01;0.0
dic-25;CMPC GC1;1.65;0.0
dic-25;CMPC RC;48.94;1.032737895
dic-25;COLGATE;6.99;0.0
dic-25;COLGATE-100;22.25;5.784182138
dic-25;COLGATE-125;18.59;5.883145369
dic-25;COLGATE-150;81.68;11.13133854
dic-25;COLGATE-22;32.63;2.818989254
dic-25;COLGATE-50;51.72;5.609099965
dic-25;COLGATE-75;139.04;32.92112359
dic-25;Couche;8.91;5.462044734
dic-25;FOSFORERA;63.95;30.08091603
dic-25;GILDAN;20.49;0.0
dic-25;HONDURAS FOS;48.85;15.50753798
dic-25;indigo;0.01;0.0
dic-25;OLMECA;104.27;33.03934935
dic-25;Papesp;0.12;0.0
dic-25;POLICOTE;86.16;11.66015559
dic-25;Spark;2.66;0.0
dic-25;Varios;0.22;0.0
dic-25;YA ESTA;70.36;14.50563876
ene-26;BAYER-23;37.67412912;7.22
ene-26;BAYER-25;9.5504381;0.0
ene-26;BAYER-29;1.98243808;0.0
ene-26;BIMBO;19.26979974;11.44910236
ene-26;Bond;2.800506283;3.70170108
ene-26;C10-25H;0.593350033;0.0
ene-26;C10-30H;0.0;0.0
ene-26;C12-23.5;0.009275291;0.109320265
ene-26;C12-25;105.8697856;36.0209386
ene-26;C12-25.75;18.91560019;0.0
ene-26;C12-25H;3.172230479;0.0
ene-26;C12-27;0.0;0.0
ene-26;C12-29;0.0;0.0
ene-26;C12-30;0.0;0.20672163
ene-26;C12-30H;0.0;0.0
ene-26;C12-31;1.90143162;0.0
ene-26;C12-35.3;0.4149936;0.0
ene-26;C13.6-25;120.152922;0.0
ene-26;C13.6-30;36.34912593;0.0
ene-26;C14-22;48.842096;0.0
ene-26;C14-24;0.0;0.0
ene-26;C14-25;26.35204415;24.89946071
ene-26;C14-25.5;11.76383488;0.0
ene-26;C14-25H;0.0073533;0.0
ene-26;C14-26;0.0;0.0
ene-26;C14-29;53.62834838;3.575663342
ene-26;C14-30;0.0;0.0
ene-26;C14-30H;1.086501053;0.0
ene-26;C14-37;0.0;0.0
ene-26;C16.3-25;113.6996869;0.0
ene-26;C16.3-27;48.8835141;17.69197806
ene-26;C16.3-28.5;22.74111943;0.0
ene-26;C16.3-29;22.948572;0.0
ene-26;C16.3-35.5;8.94711921;0.0
ene-26;C16-22;0.43469595;0.0
ene-26;C16-25;69.31730612;87.88613272
ene-26;C16-25H;0.444813373;0.0
ene-26;C16-27;14.5884787;0.0
ene-26;C16-29;66.18947753;0.125141081
ene-26;C16-30;0.0;0.0
ene-26;C16-30H;0.02709672;0.0
ene-26;C16-35.5;0.4347189;1.155445618
ene-26;C16-36;0.0;0.0
ene-26;C16-39;0.592758648;0.0
ene-26;C18-23;48.50998628;0.0
ene-26;C18-25;12.92802691;58.01999529
ene-26;C18-25-COSC;35.677221;7.681554289
ene-26;C18-25H;0.0;0.0
ene-26;C18-29;0.50002736;1.905165035
ene-26;C18-29-COSC;30.54146165;0.0
ene-26;C18-30;0.0;0.0
ene-26;C18-34;0.0;0.0
ene-26;C19-24;16.82704178;0.0
ene-26;C19-25;27.9934924;6.203578112
ene-26;C19-29;0.0;2.535448558
ene-26;C19-34;0.21167664;0.0
ene-26;C19-35;0.0;0.0
ene-26;C20-25;10.25452808;8.400436066
ene-26;C20-29;8.501634635;0.0
ene-26;C20-30;0.343741248;0.0
ene-26;C21;0.0624078;0.0
ene-26;C22-25;1.98467199;2.703999863
ene-26;C22-30;0.0;0.0
ene-26;C22-34;0.0;0.0
ene-26;C24-23;0.552902;0.0
ene-26;C8-25H;0.014008037;0.0
ene-26;CMPC GC1;1.64574855;0.0
ene-26;CMPC RC;44.36810892;0.0
ene-26;COLGATE;6.988426921;0.0
ene-26;COLGATE-100;12.33366243;7.005862938
ene-26;COLGATE-125;10.13415752;4.961532783
ene-26;COLGATE-150;72.6102485;12.03699802
ene-26;COLGATE-22;30.46376521;15.72895307
ene-26;COLGATE-50;44.74147102;12.29225224
ene-26;COLGATE-75;100.5913524;49.43900257
ene-26;Couche;4.370564264;9.3340936
ene-26;FOSFORERA;50.26266643;24.19454752
ene-26;GILDAN;19.78411982;0.0
ene-26;HONDURAS FOS;71.81475032;16.3596447
ene-26;indigo;0.006131601;0.071981508
ene-26;Kraft;0.0;0.0
ene-26;OLMECA;86.43138388;33.23260404
ene-26;Papesp;0.122555;0.0
ene-26;POLICOTE;47.35129208;13.5519156
ene-26;Spark;0.211547964;0.0
ene-26;Varios;0.215668116;0.0
ene-26;YA ESTA;59.86100066;14.49346127
feb-26;BAY-C16-23;37.55819463;7.0
feb-26;BAY-C16-25;9.5504381;0.0
feb-26;BAY-C16-29;1.80824896;3.0
feb-26;BAYER-23;0.0;0.0
feb-26;BAYER-25;0.0;0.0
feb-26;BIMBO;15.21962061;11.44910236
feb-26;Bond;0.469721139;0.0
feb-26;C10-25H;0.424224133;0.0
feb-26;C10-30H;0.0;0.0
feb-26;C12-23.5;0.009275291;0.0
feb-26;C12-25;104.3559773;37.15676574
feb-26;C12-25.75;18.91560019;0.0
feb-26;C12-25H;2.763829721;0.0
feb-26;C12-27;0.0;0.0
feb-26;C12-29;0.0;0.0
feb-26;C12-30;0.0;0.190819966
feb-26;C12-30H;0.0;0.0
feb-26;C12-31;1.90143162;0.0
feb-26;C12-35.3;0.3112452;0.0
feb-26;C13.6-25;116.2863975;0.0
feb-26;C13.6-30;33.16820265;0.0
feb-26;C14-22;48.67234822;0.0
feb-26;C14-24;0.0;0.0
feb-26;C14-25;16.06424357;17.25312445
feb-26;C14-25.5;9.6754968;0.0
feb-26;C14-25H;0.0073533;0.0
feb-26;C14-26;0.0;0.0
feb-26;C14-29;53.62834838;1.18339302
feb-26;C14-30;0.0;0.0
feb-26;C14-30H;0.064567613;0.0
feb-26;C14-37;0.0;0.0
feb-26;C16.3-25;110.5228803;0.0
feb-26;C16.3-27;48.75041175;0.0
feb-26;C16.3-28.5;19.86790604;0.0
feb-26;C16.3-29;22.948572;0.0
feb-26;C16.3-35.5;6.64773117;0.0
feb-26;C16-22;0.43469595;0.0
feb-26;C16-25;53.0923754;25.3168882
feb-26;C16-25H;0.0;0.0
feb-26;C16-27;14.5884787;0.0
feb-26;C16-29;64.24986287;1.189913471
feb-26;C16-30;0.0;0.0
feb-26;C16-30H;0.0;0.0
feb-26;C16-35.5;0.4347189;0.0
feb-26;C16-36;0.0;0.0
feb-26;C16-39;0.592758648;0.0
feb-26;C18-23;48.39004728;0.0
feb-26;C18-25;6.929824215;31.05568212
feb-26;C18-25-COSC;20.9816827;7.681554289
feb-26;C18-25H;0.0;0.0
feb-26;C18-29;0.0;0.910616696
feb-26;C18-29-COSC;29.5534969;0.0
feb-26;C18-30;0.0;0.0
feb-26;C18-34;0.0;0.0
feb-26;C19-24;13.55452306;0.0
feb-26;C19-25;12.33398283;1.784498432
feb-26;C19-29;0.0;3.27071007
feb-26;C19-34;0.21167664;0.0
feb-26;C19-35;0.0;0.0
feb-26;C20-25;5.143444834;1.779023017
feb-26;C20-29;7.898359235;0.0
feb-26;C20-30;0.343741248;0.0
feb-26;C21;0.0624078;0.0
feb-26;C22-25;1.98467199;2.83910913
feb-26;C22-34;0.0;0.0
feb-26;C24-23;0.552902;0.0
feb-26;C8-25H;0.014008037;0.0
feb-26;CMPC GC1;1.64574855;0.0
feb-26;CMPC RC;43.2065066;0.0
feb-26;COLGATE;0.632170256;0.0
feb-26;COLGATE-100;12.08205003;7.005862938
feb-26;COLGATE-125;17.01869343;3.307688522
feb-26;COLGATE-150;83.67093162;12.03699802
feb-26;COLGATE-22;23.4134406;11.4864625
feb-26;COLGATE-50;33.52115209;13.29566459
feb-26;COLGATE-75;61.35572184;34.59700054
feb-26;FOSFORERA;35.81039384;30.46634869
feb-26;GILDAN;92.34672656;0.0
feb-26;HONDURAS FOS;78.85487802;16.3596447
feb-26;Kraft;0.0;0.0
feb-26;OLMECA;85.90176313;33.23260404
feb-26;Papesp;0.122555;0.0
feb-26;POLICOTE;47.35129208;13.5519156
feb-26;Spark;0.211547964;0.0
feb-26;Varios;0.0;0.0
feb-26;YA ESTA;55.58831969;14.49346127
feb-26;Couche;2.762188347;
mar-26;BAY-C16-23;37.55819463;2.403333333
mar-26;BAY-C16-25;9.5504381;2.403333333
mar-26;BAY-C16-29;1.80824896;2.403333333
mar-26;Bond;2.443154381;1.025244
mar-26;C10-25H;0.070469125;0.0
mar-26;C12-23.5;0.009275291;0.0
mar-26;C12-25;73.30215959;0.678437499
mar-26;C12-25.75;18.91560019;0.0
mar-26;C12-25H;0.011581448;0.0
mar-26;C12-30H;0.794320992;0.0
mar-26;C12-31;1.90143162;0.0
mar-26;C12-35.3;0.3112452;0.0
mar-26;C13.6-25;113.0639979;2.49
mar-26;C13.6-30;26.50359825;0.0
mar-26;C14-22;48.03862316;0.0
mar-26;C14-25;15.64663741;11.86379152
mar-26;C14-25.5;5.56024683;0.0
mar-26;C14-29;53.62834838;0.0
mar-26;C14-30H;0.238760813;0.0
mar-26;C16.3-25;108.52424;1.4
mar-26;C16.3-27;48.75041175;1.492867882
mar-26;C16.3-28.5;18.51021349;0.0
mar-26;C16.3-29;8.5131648;0.0
mar-26;C16.3-35.5;1.9161567;0.0
mar-26;C16-22;0.43469595;0.0
mar-26;C16-25;38.06056523;21.51776938
mar-26;C16-25H;0.07892542;0.0
mar-26;C16-27;14.5884787;0.0
mar-26;C16-29;42.83261369;0.401090284
mar-26;C16-35.5;0.4347189;0.0
mar-26;C16-39;0.592758648;0.0
mar-26;C18-23;44.44877436;0.0
mar-26;C18-25;0.507623763;24.11382664
mar-26;C18-25-COSC;12.0319927;7.681554289
mar-26;C18-29-COSC;29.35675841;0.0
mar-26;C19-24;10.51869067;0.0
mar-26;C19-25;1.8011775;9.078514504
mar-26;C19-34;0.21167664;0.0
mar-26;C20-25;1.642705709;3.218632755
mar-26;C20-29;5.92119593;0.0
mar-26;C20-30;0.343741248;0.0
mar-26;C21;0.0624078;0.0
mar-26;C22-25;1.87437249;0.0
mar-26;C24-23;0.552902;0.0
mar-26;C8-25H;0.11645138;0.0
mar-26;CMPC GC1;1.64574855;0.0
mar-26;CMPC RC;40.70577182;1.787330624
mar-26;COLGATE;0.632170256;0.0
mar-26;COLGATE-100;1.086588149;7.005862938
mar-26;COLGATE-125;8.96652512;4.961532783
mar-26;COLGATE-150;65.50955078;12.03699802
mar-26;COLGATE-22;14.54357124;11.06393292
mar-26;COLGATE-50;33.52115209;12.50966426
mar-26;COLGATE-75;61.35572184;24.17719844
mar-26;Couche;2.739866778;0.57155588
mar-26;GILDAN;90.60669818;0.0
mar-26;HONDURAS FOS;86.70112722;16.3596447
mar-26;Kraft;0.022575439;0.0
mar-26;OLMECA;63.9853697;33.23260404
mar-26;Papesp;0.0367665;0.0
mar-26;POLICOTE;22.00534088;13.5519156
mar-26;Spark;0.211547964;0.0
mar-26;Varios;0.01282062;0.0
mar-26;YA ESTA;60.5035274;14.49346127
abr-26;BAY-C16-23;36.17599788;0.0
abr-26;BAY-C16-25;9.5504381;0.0
abr-26;BAY-C16-29;0.5211248;0.475575148
abr-26;Bond;0.634230744;2.458807884
abr-26;C10-25H;0.055388732;0.0
abr-26;C12-23.5;0.009275291;0.0
abr-26;C12-25;84.77960155;25.65747175
abr-26;C12-25H;0.016544925;0.0
abr-26;C12-31;1.90143162;0.0
abr-26;C12-35.3;0.3112452;0.0
abr-26;C13.6-25;106.9613304;3.7891
abr-26;C13.6-30;25.80338883;4.1126
abr-26;C14-22;48.03862316;0.0
abr-26;C14-25;14.95363437;8.258356961
abr-26;C14-25.5;0.015013635;0.0
abr-26;C14-25H;0.007354824;0.0
abr-26;C14-29;47.57234978;0.0
abr-26;C16.3-25;102.9980636;2.572791667
abr-26;C16.3-27;1.582919441;19.82928571
abr-26;C16.3-28.5;16.83040354;1.1
abr-26;C16.3-35.5;0.840214035;2.0808
abr-26;C16-22;0.30151251;0.0
abr-26;C16-25;15.2722199;26.41131591
abr-26;C16-25H;1.15814475;0.0
abr-26;C16-27;14.5884787;0.0
abr-26;C16-29;42.47592401;0.328458682
abr-26;C16-35.5;0.4347189;0.0
abr-26;C16-39;0.592758648;0.0
abr-26;C18-23;41.00412628;0.0
abr-26;C18-25;0.557880063;58.30712811
abr-26;C18-29-COSC;3.456915362;0.0
abr-26;C19-24;9.904756416;0.0
abr-26;C19-25;1.0106279;16.01269463
abr-26;C19-34;0.21167664;6.661666667
abr-26;C20-25;0.354719334;0.3470656
abr-26;C20-30;0.343741248;0.0
abr-26;C21;0.0624078;0.0
abr-26;C22-25;0.679218162;0.0
abr-26;C24-23;0.552902;0.0
abr-26;C8-25H;0.117064282;0.0
abr-26;CMPC GC1;1.64574855;0.0
abr-26;CMPC RC;40.038898;1.787
abr-26;COLGATE;0.632170256;58.0
abr-26;COLGATE-100;1.086588149;7.0
abr-26;COLGATE-125;8.96652512;
abr-26;COLGATE-150;56.00219392;
abr-26;COLGATE-22;12.38347879;
abr-26;COLGATE-50;17.29442899;
abr-26;COLGATE-75;27.55501728;
abr-26;Couche;2.383565233;0.0
abr-26;FOSFORERA;44.07366623;30.39
abr-26;GILDAN;86.40174349;0.0
abr-26;HONDURAS FOS;86.70112722;15.90869744
abr-26;Kraft;0.022575439;13.50877473
abr-26;OLMECA;56.56090565;20.40675
abr-26;Papesp;0.0367665;0.0
abr-26;POLICOTE;11.02416075;12.18902937
abr-26;Spark;0.211547964;0.0
abr-26;Varios;0.01282062;0.0
abr-26;YA ESTA;60.5035274;14.489
abr-26;BIMBO;0.0;16.98583663
may-26;BAY-C16-23;27.26732792;0.0
may-26;BAY-C16-25;14.8499449;0.0
may-26;BAY-C16-29;9.70788784;0.0
may-26;BAYER-23;0.0;0.0
may-26;BAYER-25;0.0;0.0
may-26;BIMBO;38.50334397;16.98583663
may-26;Bond;0.231284856;1.087470827
may-26;C10-25H;0.055388732;0.0
may-26;C10-30H;0.0;0.0
may-26;C12-23.5;0.009275291;0.0
may-26;C12-25;46.44642887;11.5882909
may-26;C12-25.75;0.0;0.0
may-26;C12-25H;0.010092404;0.0
may-26;C12-27;0.0;0.0
may-26;C12-29;0.0;0.0
may-26;C12-30;0.016645128;0.0
may-26;C12-30H;0.0;0.0
may-26;C12-31;1.65985848;0.0
may-26;C12-35.3;0.3112452;0.0
may-26;C13.6-25;70.3147438;0.5125
may-26;C13.6-30;17.13809247;2.0563
may-26;C14-22;48.03862316;0.0
may-26;C14-24;0.0;0.0
may-26;C14-25;12.74895882;11.0986598
may-26;C14-25.5;0.015013635;0.0
may-26;C14-25H;0.179236688;0.0
may-26;C14-26;0.0;0.0
may-26;C14-29;41.88544493;6.2739
may-26;C14-30;0.0;0.0
may-26;C14-30H;0.0;0.0
may-26;C14-37;0.0;0.0
may-26;C16.3-25;57.496329;4.045746343
may-26;C16.3-27;1.664977646;5.516823077
may-26;C16.3-28.5;13.86434235;0.0
may-26;C16.3-29;0.0;0.0
may-26;C16.3-35.5;0.840214035;0.0
may-26;C16-22;0.30151251;0.0
may-26;C16-25;15.2722199;16.08142046
may-26;C16-25H;0.81499075;0.0
may-26;C16-27;13.5533302;0.0
may-26;C16-29;33.69406223;3.327083513
may-26;C16-30;0.376257312;0.0
may-26;C16-30H;0.0;0.0
may-26;C16-35.5;0.4347189;0.0
may-26;C16-36;0.0;0.0
may-26;C16-39;0.592758648;0.0
may-26;C18-23;39.53762052;0.0
may-26;C18-25;0.45508545;46.25766344
may-26;C18-25-COSC;0.0;0.0
may-26;C18-25H;0.0;0.0
may-26;C18-29;0.0;0.0
may-26;C18-29-COSC;0.30606136;0.0
may-26;C18-30;0.79935324;0.0
may-26;C18-30H;0.0;0.0
may-26;C18-34;0.0;0.0
may-26;C19-24;3.457643175;0.0
may-26;C19-25;0.70058915;19.42206986
may-26;C19-29;0.0;0.0
may-26;C19-34;0.20033682;0.0
may-26;C19-35;0.0;0.0
may-26;C20-25;0.371864334;7.695839271
may-26;C20-29;0.0;0.0
may-26;C20-30;0.343741248;0.0
may-26;C21;0.0624078;0.0
may-26;C22-25;0.699241617;0.0
may-26;C22-30;0.0;0.0
may-26;C22-34;0.0;0.0
may-26;C24-23;0.552902;0.0
may-26;C8-25H;0.117040025;0.0
may-26;CMPC GC1;1.5296769;0.0
may-26;CMPC RC;33.76543772;15.22606667
may-26;COLGATE;0.0;58.10690284
may-26;COLGATE-100;1.08593001;0.0
may-26;COLGATE-125;8.96652512;0.0
may-26;COLGATE-150;55.96216881;0.0
may-26;COLGATE-22;5.540639351;0.0
may-26;COLGATE-50;8.16800304;0.0
may-26;COLGATE-75;16.8069735;0.0
may-26;Couche;3.202965552;9.475566685
may-26;FOSFORERA;48.31161293;30.39430824
may-26;GILDAN;81.71549573;0.0
may-26;HONDURAS FOS;86.57034117;15.90869744
may-26;Kraft;0.0;10.18296564
may-26;OLMECA;90.70559503;20.40675
may-26;Papesp;0.0;0.0
may-26;POLICOTE;11.02416075;12.18902937
may-26;Spark;1.185896155;9.531657146
may-26;Varios;0.012802398;0.0
may-26;YA ESTA;47.94815096;14.489
jun-26;BAY-C16-23;17.410689;0.0
jun-26;BAY-C16-25;14.849944;0.0
jun-26;BAY-C16-29;9.707887;0.0
jun-26;BAYER-23;0.0;0.0
jun-26;BAYER-25;0.0;0.0
jun-26;BIMBO;43.082523;16.98583663
jun-26;Bond;9.983168;2.591088759
jun-26;C10-25H;0.055388;0.0
jun-26;C10-30H;0.017806;0.0
jun-26;C12-23.5;0.009275;0.0
jun-26;C12-25;44.311395;10.2987902
jun-26;C12-25.75;0.0;0.0
jun-26;C12-25H;0.004301;0.0
jun-26;C12-27;0.0;0.0
jun-26;C12-29;0.0;0.0
jun-26;C12-30;0.0;0.0
jun-26;C12-30H;0.0;0.0
jun-26;C12-31;1.659858;0.0
jun-26;C12-35.3;0.0;0.0
jun-26;C13.6-25;51.098986;3.9209
jun-26;C13.6-30;9.759353;4.1126
jun-26;C14-22;48.038623;0.0
jun-26;C14-24;0.0;0.0
jun-26;C14-25;11.216053;10.12882514
jun-26;C14-25.5;0.015013;0.0
jun-26;C14-25H;2.49093;0.0
jun-26;C14-26;0.0;0.0
jun-26;C14-29;37.289744;1.2097
jun-26;C14-30;0.0;0.0
jun-26;C14-30H;0.0;0.0
jun-26;C14-37;0.0;0.0
jun-26;C16.3-25;51.091871;0.689
jun-26;C16.3-27;0.418496;0.0694
jun-26;C16.3-28.5;13.310882;0.0
jun-26;C16.3-29;0.0;0.0
jun-26;C16.3-35.5;0.840214;1.3514
jun-26;C16-22;0.301512;0.0
jun-26;C16-25;15.272218;25.94206152
jun-26;C16-25H;0.159995;0.0
jun-26;C16-27;13.299324;0.0
jun-26;C16-29;2.942479;3.284745495
jun-26;C16-30;0.0;0.0
jun-26;C16-30H;0.0;0.0
jun-26;C16-35.5;0.434718;0.0
jun-26;C16-36;0.0;0.0
jun-26;C16-39;0.592758;0.0
jun-26;C18-23;34.273304;0.0
jun-26;C18-25;3.672765;18.40701178
jun-26;C18-25-COSC;0.0;0.0
jun-26;C18-25H;0.0;0.0
jun-26;C18-29;0.0;0.0
jun-26;C18-29-COSC;0.206249;0.0
jun-26;C18-30;2.828568;0.0
jun-26;C18-30H;0.0;0.0
jun-26;C18-34;0.0;0.0
jun-26;C19-24;2.144054;0.0
jun-26;C19-25;0.0;0.0
jun-26;C19-29;0.0;0.0
jun-26;C19-34;0.200336;0.0
jun-26;C19-35;0.0;0.0
jun-26;C20-25;3.259565;2.637526983
jun-26;C20-29;0.0;0.0
jun-26;C20-30;1.576641;0.0
jun-26;C21;0.062407;0.0
jun-26;C22-25;0.263495;0.8162
jun-26;C22-30;0.0;0.0
jun-26;C22-34;0.0;0.0
jun-26;C24-23;0.552902;0.0
jun-26;C8-25H;0.091977;0.0
jun-26;CMPC GC1;1.529676;0.0
jun-26;CMPC RC;30.225392;0.0
jun-26;COLGATE;0.0;57.94102951
jun-26;COLGATE-100;28.802857;0.0
jun-26;COLGATE-125;0.539808;0.0
jun-26;COLGATE-150;49.422986;0.0
jun-26;COLGATE-22;5.540639;0.0
jun-26;COLGATE-50;17.890378;0.0
jun-26;COLGATE-75;8.788774;0.0
jun-26;Couche;3.420606;0.0
jun-26;FOSFORERA;56.045119;30.39430824
jun-26;GILDAN;67.354975;0.0
jun-26;HONDURAS FOS;86.570341;15.90869744
jun-26;Kraft;0.0;10.18296564
jun-26;OLMECA;65.146572;20.40675
jun-26;Papesp;0.085788;0.0
jun-26;POLICOTE;12.550577;12.18902937
jun-26;Spark;1.884704;1.778649915
jun-26;Varios;0.222869;0.0
jun-26;YA ESTA;35.410038;14.489
jul-26;BAY-C16-23;11.972934;0.0
jul-26;BAY-C16-25;12.186656;0.0
jul-26;BAY-C16-29;6.261071;0.0
jul-26;BAYER-23;0.0;0.0
jul-26;BAYER-25;0.0;0.0
jul-26;BIMBO;41.304539;9.09
jul-26;Bond;0.759173;0.0
jul-26;C10-25H;0.055388;0.0
jul-26;C10-30H;0.017806;0.0
jul-26;C12-23.5;0.009275;0.0
jul-26;C12-25;20.076412;16.75
jul-26;C12-25.75;0.0;0.0
jul-26;C12-25H;0.004301;0.0
jul-26;C12-27;0.0;3.48
jul-26;C12-29;0.0;0.0
jul-26;C12-30;0.0;0.0
jul-26;C12-30H;0.0;0.0
jul-26;C12-31;1.659858;0.0
jul-26;C12-35.3;0.0;0.0
jul-26;C13.6-25;27.354695;3.45
jul-26;C13.6-30;9.759353;2.16
jul-26;C14-22;48.038623;0.0
jul-26;C14-24;0.0;0.0
jul-26;C14-25;10.559404;7.67
jul-26;C14-25.5;0.015013;0.0
jul-26;C14-25H;0.027574;0.0
jul-26;C14-26;0.0;0.0
jul-26;C14-29;27.513144;0.0
jul-26;C14-30;0.0;0.0
jul-26;C14-30H;0.0;0.0
jul-26;C14-37;0.0;0.0
jul-26;C16.3-25;12.656867;0.0
jul-26;C16.3-27;0.418496;0.0
jul-26;C16.3-28.5;11.483721;0.0
jul-26;C16.3-29;0.0;0.0
jul-26;C16.3-35.5;0.840214;0.0
jul-26;C16-22;0.301512;0.0
jul-26;C16-25;14.988523;24.26
jul-26;C16-25H;0.159995;0.0
jul-26;C16-27;13.299324;4.32
jul-26;C16-29;0.951728;0.97
jul-26;C16-30;0.0;0.0
jul-26;C16-30H;0.0;0.0
jul-26;C16-35.5;0.434718;0.0
jul-26;C16-36;0.0;0.0
jul-26;C16-39;0.592758;0.0
jul-26;C18-23;30.069248;2.39
jul-26;C18-25;3.845578;50.26
jul-26;C18-25-COSC;91.049922;16.53
jul-26;C18-25H;0.0;0.0
jul-26;C18-29;0.0;3.46
jul-26;C18-29-COSC;0.098956;2.23
jul-26;C18-30;0.070799;0.0
jul-26;C18-30H;0.0;0.0
jul-26;C18-34;0.0;0.26
jul-26;C19-24;0.799446;0.0
jul-26;C19-25;0.0;40.8
jul-26;C19-29;0.0;10.73
jul-26;C19-34;0.200336;0.0
jul-26;C19-35;0.0;0.0
jul-26;C20-25;0.409588;8.79
jul-26;C20-29;0.0;0.0
jul-26;C20-30;1.576641;0.0
jul-26;C21;0.062407;0.0
jul-26;C22-25;0.182592;2.04
jul-26;C22-30;0.0;0.0
jul-26;C22-34;0.0;0.0
jul-26;C24-23;0.552902;0.0
jul-26;C8-25H;0.080334;0.0
jul-26;CMPC GC1;1.529676;0.0
jul-26;CMPC RC;18.594449;0.0
jul-26;COLGATE;0.0;0.0
jul-26;COLGATE-100;0.0;8.35
jul-26;COLGATE-125;0.539808;10.82
jul-26;COLGATE-150;1.031478;8.96
jul-26;COLGATE-22;0.0;2.57
jul-26;COLGATE-50;5.57934;9.19
jul-26;COLGATE-75;8.788774;22.23
jul-26;Couche;1.495304;0.0
jul-26;FOSFORERA;52.417578;38.21
jul-26;GILDAN;52.245852;7.8
jul-26;HONDURAS FOS;77.331937;0.0
jul-26;Kraft;0.0;10.98
jul-26;OLMECA;39.737323;19.76
jul-26;Papesp;0.085788;0.0
jul-26;POLICOTE;12.550577;26.15
jul-26;Spark;2.345764;0.0
jul-26;Varios;0.222869;0.0
jul-26;YA ESTA;35.410038;14.04
ago-26;BAY-C16-23;1.404759;0.0
ago-26;BAY-C16-25;12.186656;0.0
ago-26;BAY-C16-29;2.248229;0.0
ago-26;BAYER-23;0.0;0.0
ago-26;BAYER-25;0.0;0.0
ago-26;BIMBO;34.163487;9.085000846
ago-26;Bond;0.608084;0.0
ago-26;C10-25H;0.055388;0.0
ago-26;C10-30H;0.017806;0.0
ago-26;C12-23.5;0.009275;0.0
ago-26;C12-25;18.394599;28.50472476
ago-26;C12-25.75;0.0;0.0
ago-26;C12-25H;0.004301;0.0
ago-26;C12-27;0.0;3.480533524
ago-26;C12-29;0.0;0.0
ago-26;C12-30;0.0;0.0
ago-26;C12-30H;0.125419;0.0
ago-26;C12-31;0.433834;0.0
ago-26;C12-35.3;0.0;0.0
ago-26;C13.6-25;8.59534;4.783452016
ago-26;C13.6-30;1.560972;3.3128
ago-26;C14-22;48.038623;0.0
ago-26;C14-24;0.0;0.0
ago-26;C14-25;10.25772;28.15559846
ago-26;C14-25.5;0.015013;0.0
ago-26;C14-25H;0.0;0.0
ago-26;C14-26;0.0;0.0
ago-26;C14-29;21.556214;0.1363
ago-26;C14-30;0.0;0.0
ago-26;C14-30H;0.0;0.0
ago-26;C14-37;0.0;0.0
ago-26;C16.3-25;0.0;0.0
ago-26;C16.3-27;0.0;0.0
ago-26;C16.3-28.5;0.499862;0.0
ago-26;C16.3-29;0.0;0.0
ago-26;C16.3-35.5;0.0;2.2477
ago-26;C16-22;0.301512;0.0
ago-26;C16-25;6.264612;32.49278318
ago-26;C16-25H;0.052759;0.0
ago-26;C16-27;13.299324;0.8536
ago-26;C16-29;0.951728;1.97803879
ago-26;C16-30;0.574837;0.0
ago-26;C16-30H;0.379354;0.0
ago-26;C16-35.5;0.0;0.23653507
ago-26;C16-36;0.0;0.0
ago-26;C16-39;0.592758;0.0
ago-26;C18-23;26.918954;2.394857143
ago-26;C18-25;11.402685;33.53914431
ago-26;C18-25-COSC;13.807016;0.0
ago-26;C18-25H;0.0;0.0
ago-26;C18-29;0.0;2.185010965
ago-26;C18-29-COSC;0.0;0.0
ago-26;C18-30;0.0;0.0
ago-26;C18-30H;0.0;0.0
ago-26;C18-34;0.0;0.0
ago-26;C19-24;0.152868;0.0
ago-26;C19-25;0.998975;15.71461589
ago-26;C19-29;0.0;3.417155797
ago-26;C19-34;0.200336;0.0
ago-26;C19-35;0.0;0.0
ago-26;C20-25;0.409588;8.363719751
ago-26;C20-29;0.0;0.0
ago-26;C20-30;0.695998;0.0
ago-26;C21;0.062407;0.0
ago-26;C22-25;0.226711;0.0
ago-26;C22-30;0.0;0.0
ago-26;C22-34;0.0;0.0
ago-26;C24-23;0.552902;0.0
ago-26;C8-25H;0.080334;0.34184971
ago-26;CMPC GC1;1.529676;0.0
ago-26;CMPC RC;18.594449;0.0
ago-26;COLGATE;0.0;0.0
ago-26;COLGATE-100;7.401599;8.346
ago-26;COLGATE-125;33.762658;10.8169875
ago-26;COLGATE-150;42.059711;8.9569
ago-26;COLGATE-22;14.355374;2.57418562
ago-26;COLGATE-50;9.074673;9.186041667
ago-26;COLGATE-75;38.774792;22.22837222
ago-26;Couche;0.727897;0.0
ago-26;FOSFORERA;103.476075;38.20760605
ago-26;GILDAN;48.285391;7.99400583
ago-26;HONDURAS FOS;60.901574;0.0
ago-26;Kraft;0.0;0.0
ago-26;OLMECA;67.472941;19.75508333
ago-26;Papesp;0.085788;0.0
ago-26;POLICOTE;34.094592;6.94856
ago-26;Spark;0.456675;0.0
ago-26;Varios;0.1962;0.0
ago-26;YA ESTA;35.410038;14.03966667
sep-26;BAY-C16-23;1.404759;0.0
sep-26;BAY-C16-25;12.186656;1.762167
sep-26;BAY-C16-29;2.248229;0.0
sep-26;BIMBO;34.163487;9.085001
sep-26;Bond;0.839944;0.0
sep-26;C0-12;0.015192;0.0
sep-26;C0-40;0.343741;0.0
sep-26;C10-25H;0.055388;0.0
sep-26;C10-30H;0.017806;0.0
sep-26;C100-42;0.020055;0.0
sep-26;C12-24;0.009275;0.0
sep-26;C12-25;9.369957;13.461974
sep-26;C12-25H;0.004301;0.0
sep-26;C12-27;0.0;3.480534
sep-26;C12-30H;0.125419;0.0
sep-26;C12-31;0.285366;0.0
sep-26;C13.6-24;0.452598;0.0
sep-26;C13.6-25;0.0;2.896403
sep-26;C13.6-30;0.0;2.16055
sep-26;C14-22;47.733077;0.0
sep-26;C14-25;9.37992;7.928072
sep-26;C14-25H;0.275748;0.0
sep-26;C14-29;18.843336;0.0
sep-26;C16-22;0.301512;0.0
sep-26;C16-25;8.170341;23.019572
sep-26;C16-25H;0.016299;0.0
sep-26;C16-27;13.299324;0.0
sep-26;C16-29;0.951728;1.255519
sep-26;C16-30;1.306449;0.0
sep-26;C16-30H;0.379354;0.0
sep-26;C16-39;0.592758;0.0
sep-26;C16.3-28.5;0.499862;0.0
sep-26;C16.3-29;0.0;2.0707
sep-26;C18-23;26.918954;2.394857
sep-26;C18-25;8.240595;25.270297
sep-26;C18-25-COSC;10.204172;14.487802
sep-26;C18-29;0.0;13.56783
sep-26;C18-30;0.365418;0.0
sep-26;C18-34;0.200336;0.0
sep-26;C18.5-19;3.377363;0.0
sep-26;C19-24;0.152868;0.0
sep-26;C19-25;0.998975;5.399042
sep-26;C20-25;0.409588;2.725221
sep-26;C20-29;0.0;0.440437
sep-26;C21-25;0.062407;0.0
sep-26;C22-25;0.226711;2.978
sep-26;C24-23;0.552902;0.0
sep-26;C8-25H;0.010478;0.069856
sep-26;CMPC GC1;1.529676;0.0
sep-26;CMPC RC;1.886089;0.0
sep-26;COLGATE-100;0.0;8.346
sep-26;COLGATE-125;20.052025;10.816987
sep-26;COLGATE-150;42.059711;8.9569
sep-26;COLGATE-22;14.355374;2.574186
sep-26;COLGATE-50;5.637997;9.186042
sep-26;COLGATE-75;11.563467;22.228372
sep-26;Couche;1.392907;0.0
sep-26;FOSFORERA;103.476075;38.207606
sep-26;GILDAN;48.285391;15.085321
sep-26;HONDURAS FOS;54.296204;0.0
sep-26;Kraft;0.0;8.694665
sep-26;OLMECA;57.059305;19.755083
sep-26;POLICOTE;34.094592;6.94856
sep-26;Sin clasificar;0.023074;0.0
sep-26;Spark;1.151645;0.0
sep-26;Varios;0.157934;0.0
sep-26;YA ESTA;34.911437;14.039667
